<?xml version="1.0" encoding="UTF-8" ?>
<!DOCTYPE mapper
        PUBLIC "-//mybatis.org//DTD Mapper 3.0//EN"
        "http://mybatis.org/dtd/mybatis-3-mapper.dtd">

<mapper namespace="com.example.demo.mapper.ArtifactMapper">
    <select id="findByArtifactName"   resultType="com.example.demo.entity.Artifact">
        SELECT * FROM artifact
        WHERE artifactname LIKE CONCAT('%', #{artifactname}, '%')
    </select>
    <select id="DeepSearch" resultType="com.example.demo.entity.Artifact">
        SELECT * from artifact
        <where>
            <if test="s != ''">
                ${s}
            </if>
        </where>
    </select>
</mapper>
